review,sentiment
"I loved the movie! It was fantastic and full of surprises.",positive
"The movie was terrible. I hated the plot and the acting.",negative
"An amazing experience! The visuals were breathtaking.",positive
"Not worth the time. The story was predictable.",negative
"Great acting and direction. Truly a masterpiece.",positive
"The movie was boring and too long.",negative
"Absolutely loved it! Will watch it again.",positive
"Disappointing. Expected much better.",negative
"One of the best movies I've ever seen!",positive
"Poor script and mediocre performances.",negative
"Brilliant plot and excellent execution.",positive
"Awful movie with no redeeming qualities.",negative
"The storyline was engaging and kept me hooked.",positive
"The actors seemed uninterested and uninspired.",negative
"Fantastic! A must-watch for everyone.",positive
"Very slow-paced and dull.",negative
"Incredible visuals and stunning soundtrack.",positive
"The characters were flat and poorly developed.",negative
"I thoroughly enjoyed every moment of the film.",positive
"Terribly written with numerous plot holes.",negative
"The direction was flawless, and the cast did a great job.",positive
"A complete waste of time and money.",negative
"Heartwarming and beautifully crafted.",positive
"The movie failed to deliver on its promises.",negative
"A rollercoaster of emotions, absolutely loved it!",positive
"The editing was choppy and distracting.",negative
"A cinematic masterpiece with outstanding performances.",positive
"The humor felt forced and unfunny.",negative
"Perfectly captures the essence of the story.",positive
"The dialogue was cheesy and cringeworthy.",negative
"I'd highly recommend this movie to anyone.",positive
"The plot was incoherent and hard to follow.",negative
"The chemistry between the leads was phenomenal.",positive
"A disappointing sequel to a great first movie.",negative
"A brilliant piece of storytelling.",positive
"The movie dragged on without any real payoff.",negative
"One of the most enjoyable movies this year.",positive
"Completely forgettable and poorly directed.",negative
"A refreshing take on a classic tale.",positive
"The soundtrack was repetitive and annoying.",negative
"I laughed, cried, and thoroughly enjoyed it.",positive
"Amateurish production quality and acting.",negative
"A bold and thought-provoking movie.",positive
"The pacing was all over the place.",negative
"A delightful and entertaining experience.",positive
"The ending was rushed and unsatisfying.",negative
"Exceptional performances by the cast.",positive
"The movie was unnecessarily violent and disturbing.",negative
"A visually stunning and emotionally resonant film.",positive
"The plot twists were predictable and unoriginal.",negative
"A perfect blend of humor and drama.",positive
"The cinematography was bland and uninspired.",negative
"An absolute joy to watch from start to finish.",positive
"The movie lacked depth and substance.",negative
"The storytelling was immersive and captivating.",positive
"The special effects were laughable.",negative
"A charming and heartfelt movie.",positive
"The movie was full of clichés and stereotypes.",negative
"Truly a groundbreaking piece of cinema.",positive
"I couldn't connect with the characters at all.",negative
"A riveting and powerful story.",positive
"The jokes fell flat and were overused.",negative
"The cast delivered exceptional performances.",positive
"The movie felt like a lazy cash grab.",negative
"I was thoroughly impressed by the direction and screenplay.",positive
"The scenes were disjointed and poorly edited.",negative
"A heartfelt and inspiring movie.",positive
"The dialogue was dull and uninspired.",negative
"A beautiful exploration of human emotions.",positive
"The ending was abrupt and unsatisfying.",negative
"The visuals and acting were top-notch.",positive
"The movie lacked originality and creativity.",negative
"A story that stays with you long after it ends.",positive
"Poorly executed with a weak storyline.",negative
"Every scene was a visual delight.",positive
"The movie was too melodramatic and unrealistic.",negative
"An unforgettable cinematic experience.",positive
"The pacing made it hard to stay engaged.",negative
"A wonderful mix of comedy and romance.",positive
"The acting felt stiff and unnatural.",negative
"Thought-provoking and brilliantly directed.",positive
"The soundtrack was generic and unmemorable.",negative
"A truly uplifting and inspiring film.",positive
"The movie was a major letdown.",negative
"Masterful storytelling and incredible visuals.",positive
"The characters lacked depth and development.",negative
"A movie that exceeded all my expectations.",positive
"The action scenes were poorly choreographed.",negative
"One of the most touching movies I've seen.",positive
"An overhyped and underwhelming experience.",negative
"A compelling narrative with a strong message.",positive
"The comedy was juvenile and cringe-inducing.",negative
"A visually appealing and emotionally fulfilling film.",positive
"The plot lacked direction and focus.",negative
"A truly original and creative masterpiece.",positive
"The film failed to leave any lasting impression.",negative
"An outstanding performance by the lead actor.",positive
"The movie was just plain boring.",negative

